{
    "meta": {
        "num_tuples": 100,
        "num_attributes": 10,
        "num_attributes_in_BN": 7,
        "all_attributes": [
            "id",
            "first_name",
            "last_name",
            "voivodeship",
            "city",
            "email",
            "phone_number",
            "age",
            "last_purchase_category",
            "purchases_value"
        ],
        "candidate_keys": [
            "phone_number",
            "id",
            "email"
        ],
        "non_categorical_string_attributes": [
            "phone_number",
            "email"
        ],
        "attributes_in_BN": [
            "first_name",
            "last_name",
            "voivodeship",
            "city",
            "age",
            "last_purchase_category",
            "purchases_value"
        ]
    },
    "attribute_description": {
        "id": {
            "name": "id",
            "data_type": "Integer",
            "is_categorical": false,
            "is_candidate_key": true,
            "min": 1,
            "max": 100,
            "missing_rate": 0.0,
            "distribution_bins": [
                1.0,
                5.95,
                10.9,
                15.850000000000001,
                20.8,
                25.75,
                30.700000000000003,
                35.65,
                40.6,
                45.550000000000004,
                50.5,
                55.45,
                60.400000000000006,
                65.35000000000001,
                70.3,
                75.25,
                80.2,
                85.15,
                90.10000000000001,
                95.05
            ],
            "distribution_probabilities": [
                0.0405580255237264,
                0.049135153760092205,
                0.05834079686558983,
                0.0485641027282357,
                0.04937064489368982,
                0.050791203154280186,
                0.053443867961145,
                0.05449587081200841,
                0.04716351149794466,
                0.049865672276892425,
                0.053108610207513826,
                0.04952875503494995,
                0.054445083742691545,
                0.054596707993796685,
                0.044506638665711015,
                0.04784937041024001,
                0.03845492561858186,
                0.05267660662531099,
                0.050444595656731615,
                0.052659856570868004
            ]
        },
        "first_name": {
            "name": "first_name",
            "data_type": "String",
            "is_categorical": true,
            "is_candidate_key": false,
            "min": 3,
            "max": 10,
            "missing_rate": 0.0,
            "distribution_bins": [
                "Agnieszka",
                "Aleksander",
                "Bartosz",
                "Beata",
                "Celina",
                "Czes\u0142aw",
                "Danuta",
                "Dariusz",
                "Edward",
                "Ewa",
                "Felicja",
                "Filip",
                "Gra\u017cyna",
                "Grzegorz",
                "Helena",
                "Henryk",
                "Iwona",
                "Jacek",
                "Katarzyna",
                "Ma\u0142gorzata",
                "Norbert",
                "Oliwia",
                "Pawe\u0142",
                "R\u00f3\u017ca",
                "Szymon",
                "Teresa",
                "Urszula",
                "Wojciech",
                "Zofia",
                "\u0141ukasz"
            ],
            "distribution_probabilities": [
                0.01798397257249904,
                0.028980378429983376,
                0.020050047822109028,
                0.04628854545008114,
                0.03864930689918587,
                0.03608903798422056,
                0.030026596077746666,
                0.04092940604091808,
                0.0379628583148842,
                0.039087145036642235,
                0.03159627563644039,
                0.038839119946802454,
                0.024082263729308412,
                0.030511853129343482,
                0.02396555761387773,
                0.030846133295009286,
                0.02931607482528496,
                0.05805927041810168,
                0.03544977377116019,
                0.05146431009564294,
                0.03894669927490491,
                0.02093580505201311,
                0.04743569370305662,
                0.03819028381844378,
                0.027124210259493877,
                0.030150354810378352,
                0.030675404526764843,
                0.02980213289080409,
                0.037343159799606666,
                0.00921832877529183
            ]
        },
        "last_name": {
            "name": "last_name",
            "data_type": "String",
            "is_categorical": true,
            "is_candidate_key": false,
            "min": 5,
            "max": 13,
            "missing_rate": 0.0,
            "distribution_bins": [
                "Adamczyk",
                "Dudek",
                "Dziedzic",
                "D\u0105browski",
                "Grabowski",
                "Jab\u0142o\u0144ski",
                "Kaczmarek",
                "Kaczor",
                "Kami\u0144ski",
                "Kowalski",
                "Krawczyk",
                "Kwiatkowski",
                "Lewandowski",
                "Mazur",
                "Michalak",
                "Nowak",
                "Nowakowski",
                "Piotrowski",
                "Szyma\u0144ski",
                "Wi\u015bniewski",
                "Wojciechowski",
                "Wo\u017aniak",
                "W\u00f3jcik",
                "Zaj\u0105c",
                "Zawadzki"
            ],
            "distribution_probabilities": [
                0.041319917809312566,
                0.040403430894420195,
                0.030237529225606956,
                0.04215610758596736,
                0.0389838846640927,
                0.03979657726245461,
                0.04250789749700712,
                0.044564291787067736,
                0.03606158325180296,
                0.03575628369177487,
                0.04970748530563887,
                0.040860362236050926,
                0.03288778868198854,
                0.04843907628649718,
                0.03929186985513888,
                0.038235720084215226,
                0.03696203178177835,
                0.035902586983448045,
                0.05032744998565821,
                0.04883483018714646,
                0.020493272971177,
                0.04023764215871951,
                0.03596919126698376,
                0.03955608662654202,
                0.05050710191950997
            ]
        },
        "voivodeship": {
            "name": "voivodeship",
            "data_type": "String",
            "is_categorical": true,
            "is_candidate_key": false,
            "min": 7,
            "max": 18,
            "missing_rate": 0.0,
            "distribution_bins": [
                "Dolno\u015bl\u0105skie",
                "Kujawsko-Pomorskie",
                "Lubelskie",
                "Lubuskie",
                "Mazowieckie",
                "Ma\u0142opolskie",
                "Opolskie",
                "Podkarpackie",
                "Podlaskie",
                "\u0141\u00f3dzkie"
            ],
            "distribution_probabilities": [
                0.07381392297410255,
                0.1659968308738557,
                0.022939227532488123,
                0.1311189522590256,
                0.05739617826968693,
                0.12329471888551943,
                0.1448489975678951,
                0.14060339626804638,
                0.0770652127389679,
                0.06292256263041227
            ]
        },
        "city": {
            "name": "city",
            "data_type": "String",